tag,method,acc,t_fit,t_pred,n_train,n_test,K
moons_2class_fixed,Linear,0.886500,0.04874254,0.00064250,3000,2000,-
moons_2class_fixed,kNN,0.999000,0.00349287,0.18957711,3000,2000,-
moons_2class_fixed,LabelSpreading,0.999000,0.00000000,0.05354912,3000,2000,-
moons_2class_fixed,GM,0.898000,6.84014281,0.38812470,3000,2000,32
moons_2class_fixed,GM-flat,0.898000,0.00000000,0.44018890,3000,2000,32
moons_2class_fixed,GM-instance,0.999000,0.40980265,13.10016819,3000,2000,3000
moons_2class_fixed,GM-centroid,0.137000,0.00085845,0.15193258,3000,2000,2
moons_2class_fixed,kNN-budget(P=32),0.870000,0.00122462,0.11838070,32,2000,32
circles_2class_fixed,Linear,0.500000,0.00458739,0.00031174,1688,2000,-
circles_2class_fixed,kNN,1.000000,0.00168465,0.15569179,1688,2000,-
circles_2class_fixed,LabelSpreading,1.000000,0.00000000,0.02420127,1688,2000,-
circles_2class_fixed,GM,0.915000,4.34085378,0.32030080,1688,2000,32
circles_2class_fixed,GM-flat,0.902500,0.00000000,0.33281610,1688,2000,32
circles_2class_fixed,GM-instance,1.000000,0.17311991,7.53469125,1688,2000,1688
circles_2class_fixed,GM-centroid,0.489500,0.00075302,0.09261530,1688,2000,2
circles_2class_fixed,kNN-budget(P=32),0.500000,0.00113901,0.10964490,32,2000,32
moons_2class_fixed,Linear,0.824500,0.12318733,0.00068348,1688,2000,-
moons_2class_fixed,kNN,0.996500,0.00285560,0.18697646,1688,2000,-
moons_2class_fixed,LabelSpreading,0.997000,0.00000000,0.04127625,1688,2000,-
moons_2class_fixed,GM,0.852500,5.25631726,0.07619668,1688,2000,32
moons_2class_fixed,GM-flat,0.852500,0.00000000,0.13124539,1688,2000,32
moons_2class_fixed,GM-instance,0.996500,0.08253690,6.98163154,1688,2000,1688
moons_2class_fixed,GM-centroid,0.144000,0.00067190,0.11161393,1688,2000,2
moons_2class_fixed,kNN-budget(P=32),0.500000,0.00119326,0.10325420,32,2000,32
circles_2class_fixed,Linear,0.503000,0.00478391,0.00040188,3000,2000,-
circles_2class_fixed,kNN,1.000000,0.00335326,0.09225581,3000,2000,-
circles_2class_fixed,LabelSpreading,1.000000,0.00000000,0.05170171,3000,2000,-
circles_2class_fixed,GM,0.999000,7.69413128,0.63147836,3000,2000,32
circles_2class_fixed,GM-flat,0.999000,0.00000000,0.60088496,3000,2000,32
circles_2class_fixed,GM-instance,1.000000,0.89458035,13.02054782,3000,2000,3000
circles_2class_fixed,GM-centroid,0.497500,0.00082032,0.06579521,3000,2000,2
circles_2class_fixed,kNN-budget(P=32),0.808000,0.00138562,0.21459946,32,2000,32
circles_2class_fixed,Linear,0.500000,0.03071600,0.00043526,1688,2000,-
circles_2class_fixed,kNN,1.000000,0.00191966,0.21827632,1688,2000,-
circles_2class_fixed,LabelSpreading,1.000000,0.00000000,0.02896871,1688,2000,-
circles_2class_fixed,GM,0.500000,4.19322717,0.09588566,1688,2000,32
circles_2class_fixed,GM-flat,0.500000,0.00000000,0.08421242,1688,2000,32
circles_2class_fixed,GM-instance,1.000000,0.07656651,6.79843347,1688,2000,1688
circles_2class_fixed,GM-centroid,0.494000,0.00088840,0.09618660,1688,2000,2
circles_2class_fixed,kNN-budget(P=32),0.500000,0.00923536,0.22373150,32,2000,32
circles_2class_fixed,Linear,0.511000,0.01618778,0.00046421,3000,2000,-
circles_2class_fixed,kNN,1.000000,0.00260917,0.35241928,3000,2000,-
circles_2class_fixed,LabelSpreading,1.000000,0.00000000,0.06665515,3000,2000,-
circles_2class_fixed,GM,1.000000,13.57569798,0.53308171,3000,2000,32
circles_2class_fixed,GM-flat,1.000000,0.00000000,0.75934039,3000,2000,32
circles_2class_fixed,GM-instance,1.000000,0.35816721,13.75596858,3000,2000,3000
circles_2class_fixed,GM-centroid,0.490000,0.00077248,0.16755337,3000,2000,2
circles_2class_fixed,kNN-budget(P=32),0.848500,0.00099329,0.20560847,32,2000,32
circles_2class_fixed,Linear,0.497500,0.00209959,0.00020059,3000,2000,-
circles_2class_fixed,kNN,1.000000,0.00144731,0.06742533,3000,2000,-
circles_2class_fixed,LabelSpreading,1.000000,0.00000000,0.01826944,3000,2000,-
circles_2class_fixed,GM,0.999500,0.45663089,0.06852814,3000,2000,32
circles_2class_fixed,GM-flat,0.999500,0.00000000,0.05431916,3000,2000,32
circles_2class_fixed,GM-instance,1.000000,0.27939316,6.63646896,3000,2000,3000
circles_2class_fixed,GM-centroid,0.502500,0.00122100,0.07072995,3000,2000,2
circles_2class_fixed,kNN-budget(P=32),0.758000,0.00118953,0.20169750,32,2000,32
moons_2class_fixed,Linear,0.891500,0.05311636,0.00070046,3000,2000,-
moons_2class_fixed,kNN,0.999500,0.00372362,0.27407589,3000,2000,-
moons_2class_fixed,LabelSpreading,0.999000,0.00000000,0.08658547,3000,2000,-
moons_2class_fixed,GM,0.934000,4.52712946,0.04337844,3000,2000,32
moons_2class_fixed,GM-flat,0.933000,0.00000000,0.07243042,3000,2000,32
moons_2class_fixed,GM-instance,0.999500,0.40743382,12.01926984,3000,2000,3000
moons_2class_fixed,GM-centroid,0.133500,0.00699713,0.06891674,3000,2000,2
moons_2class_fixed,kNN-budget(P=32),0.879000,0.00170927,0.24636203,32,2000,32
circles_2class_fixed,Linear,0.500000,0.00243260,0.00019226,1688,2000,-
circles_2class_fixed,kNN,1.000000,0.00106492,0.06736059,1688,2000,-
circles_2class_fixed,LabelSpreading,1.000000,0.00000000,0.01663532,1688,2000,-
circles_2class_fixed,GM,0.961500,0.35589500,0.03833389,1688,2000,32
circles_2class_fixed,GM-flat,0.928000,0.00000000,0.04094940,1688,2000,32
circles_2class_fixed,GM-instance,1.000000,0.06561355,3.64179664,1688,2000,1688
circles_2class_fixed,GM-centroid,0.517500,0.00057734,0.09006547,1688,2000,2
circles_2class_fixed,kNN-budget(P=32),0.500000,0.00102685,0.06832211,32,2000,32
moons_2class_fixed,Linear,0.877500,0.01276156,0.00046607,3000,2000,-
moons_2class_fixed,kNN,0.998000,0.00253188,0.15155249,3000,2000,-
moons_2class_fixed,LabelSpreading,0.998000,0.00000000,0.03634958,3000,2000,-
moons_2class_fixed,GM,0.891000,2.27401358,0.04856833,3000,2000,32
moons_2class_fixed,GM-flat,0.893000,0.00000000,0.08546880,3000,2000,32
moons_2class_fixed,GM-instance,0.998000,0.56758610,12.08313699,3000,2000,3000
moons_2class_fixed,GM-centroid,0.143500,0.00092493,0.15707114,3000,2000,2
moons_2class_fixed,kNN-budget(P=32),0.877500,0.00121074,0.28038055,32,2000,32
moons_2class_fixed,Linear,0.828000,0.00998720,0.00088713,1688,2000,-
moons_2class_fixed,kNN,0.998000,0.00374205,0.19834430,1688,2000,-
moons_2class_fixed,LabelSpreading,0.997000,0.00000000,0.03412460,1688,2000,-
moons_2class_fixed,GM,0.896500,1.04225244,0.47481455,1688,2000,32
moons_2class_fixed,GM-flat,0.896500,0.00000000,0.63786199,1688,2000,32
moons_2class_fixed,GM-instance,0.997500,0.13281359,8.68196428,1688,2000,1688
moons_2class_fixed,GM-centroid,0.126500,0.00084896,0.20536501,1688,2000,2
moons_2class_fixed,kNN-budget(P=32),0.500000,0.00123128,0.25162023,32,2000,32
moons_2class_fixed,Linear,0.826500,0.00868385,0.00068050,1688,2000,-
moons_2class_fixed,kNN,0.997000,0.00301356,0.17747435,1688,2000,-
moons_2class_fixed,LabelSpreading,0.998500,0.00000000,0.06619074,1688,2000,-
moons_2class_fixed,GM,0.812000,3.86857463,0.37982134,1688,2000,32
moons_2class_fixed,GM-flat,0.842500,0.00000000,0.37930520,1688,2000,32
moons_2class_fixed,GM-instance,0.997000,0.16136146,6.94964491,1688,2000,1688
moons_2class_fixed,GM-centroid,0.136500,0.02523849,0.23061113,1688,2000,2
moons_2class_fixed,kNN-budget(P=32),0.500000,0.00128880,0.25629586,32,2000,32
